City_ID,City,Country,Date,Lat,Lng,Max Temp,Humidity,Cloudiness,Wind Speed
0,Tabas,IR,2020-04-19 01:47:41,33.6,56.92,66.2,42,100,4.7
1,New Norfolk,AU,2020-04-19 01:52:01,-42.78,147.06,59.0,79,88,1.99
2,Alofi,NU,2020-04-19 01:55:22,-19.06,-169.92,84.2,74,1,17.22
3,Rikitea,PF,2020-04-19 01:55:22,-23.12,-134.97,77.45,69,71,7.36
4,Portland,US,2020-04-19 01:55:01,45.52,-122.68,54.0,76,90,6.93
5,Punta Arenas,CL,2020-04-19 01:55:22,-53.15,-70.92,46.4,65,40,17.22
6,Hermanus,ZA,2020-04-19 01:55:23,-34.42,19.23,62.01,64,98,4.0
7,Chokurdakh,RU,2020-04-19 01:55:24,70.63,147.92,5.05,91,100,11.48
8,Cape Town,ZA,2020-04-19 01:55:24,-33.93,18.42,57.2,76,94,2.24
9,Quatre Cocos,MU,2020-04-19 01:55:24,-20.21,57.76,77.0,78,75,13.87
10,Hayange,FR,2020-04-19 01:55:24,49.33,6.05,51.01,92,43,1.97
11,Khatanga,RU,2020-04-19 01:55:24,71.97,102.5,22.46,95,0,6.04
12,Georgetown,MY,2020-04-19 01:55:25,5.41,100.34,87.8,88,20,5.82
13,Kapoeta,SS,2020-04-19 01:55:25,4.77,33.59,77.86,54,100,4.05
14,Sinnamary,GF,2020-04-19 01:55:25,5.38,-52.95,79.54,86,97,10.47
15,Mataura,NZ,2020-04-19 01:55:13,-46.19,168.86,54.0,70,64,13.0
16,Kapaa,US,2020-04-19 01:55:26,22.08,-159.32,78.8,65,1,9.17
17,Arraial Do Cabo,BR,2020-04-19 01:53:19,-22.97,-42.03,73.99,66,99,6.02
18,Vila Velha,BR,2020-04-19 01:55:27,-20.33,-40.29,73.99,83,75,12.75
19,Ushuaia,AR,2020-04-19 01:55:27,-54.8,-68.3,48.2,57,40,8.05
20,Mount Gambier,AU,2020-04-19 01:55:28,-37.83,140.77,60.8,72,40,8.05
21,Buala,SB,2020-04-19 01:55:29,-8.14,159.59,83.75,73,37,2.68
22,Sozimskiy,RU,2020-04-19 01:55:29,59.74,52.25,33.12,88,79,7.31
23,Berdigestyakh,RU,2020-04-19 01:55:29,62.1,126.7,18.25,86,100,4.74
24,Sorland,NO,2020-04-19 01:55:30,67.67,12.69,40.84,89,100,8.9
25,Nizwa,OM,2020-04-19 01:52:54,22.93,57.53,77.61,41,99,1.97
26,Saint George,US,2020-04-19 01:55:30,37.1,-113.58,69.8,27,1,12.75
27,Dikson,RU,2020-04-19 01:55:31,73.51,80.55,35.47,93,100,21.94
28,Araouane,ML,2020-04-19 01:55:31,18.9,-3.53,80.33,38,50,22.73
29,Cidreira,BR,2020-04-19 01:55:32,-30.18,-50.21,66.92,84,0,13.11
30,Makakilo City,US,2020-04-19 01:53:27,21.35,-158.09,80.6,65,90,5.82
31,Busselton,AU,2020-04-19 01:55:32,-33.65,115.33,69.01,69,43,21.72
32,Nyurba,RU,2020-04-19 01:55:33,63.28,118.33,19.26,88,100,6.91
33,Albany,US,2020-04-19 01:52:31,42.6,-73.97,41.0,44,1,1.01
34,Komsomolskiy,UZ,2020-04-19 01:55:33,40.43,71.72,55.4,62,3,4.7
35,Airai,TL,2020-04-19 01:55:33,-8.93,125.41,73.67,43,37,4.25
36,Pozo Colorado,PY,2020-04-19 01:55:34,-23.49,-58.8,63.18,52,0,3.0
37,Henderson,US,2020-04-19 01:54:54,36.04,-114.98,71.6,32,1,8.05
38,Somerset East,ZA,2020-04-19 01:55:35,-32.72,25.59,61.14,27,0,5.35
39,Jamestown,US,2020-04-19 01:54:53,42.1,-79.24,43.0,55,1,3.36
40,Lebu,CL,2020-04-19 01:55:37,-37.62,-73.65,53.78,92,82,1.97
41,Chuy,UY,2020-04-19 01:55:40,-33.7,-53.46,63.3,87,0,9.37
42,Acapulco,MX,2020-04-19 01:53:19,16.86,-99.89,78.8,83,5,8.05
43,Sibu,MY,2020-04-19 01:55:04,2.3,111.82,75.2,94,75,11.41
44,Qaanaaq,GL,2020-04-19 01:55:45,77.48,-69.36,18.3,86,100,14.25
45,Nemuro,JP,2020-04-19 01:51:11,43.32,145.57,48.2,66,75,8.05
46,Saint-Philippe,RE,2020-04-19 01:55:48,-21.36,55.77,75.2,78,57,5.82
47,Castro,BR,2020-04-19 01:55:48,-24.79,-50.01,53.89,72,27,5.73
48,Katsuura,JP,2020-04-19 01:55:48,35.13,140.3,68.0,46,0,1.01
49,Caranavi,BO,2020-04-19 01:55:49,-15.82,-67.55,60.44,59,4,2.62
50,Volosovo,RU,2020-04-19 01:55:50,59.43,29.48,37.4,88,90,11.18
51,Nouakchott,MR,2020-04-19 01:53:32,18.09,-15.98,68.0,77,0,13.87
52,San Joaquin,VE,2020-04-19 01:52:37,10.26,-67.79,75.34,69,85,5.03
53,Puerto Ayora,EC,2020-04-19 01:55:54,-0.74,-90.35,80.01,88,10,4.0
54,Shenjiamen,CN,2020-04-19 01:55:55,29.96,122.3,60.55,96,100,12.35
55,Paamiut,GL,2020-04-19 01:55:57,61.99,-49.67,25.47,88,93,9.01
56,Tiksi,RU,2020-04-19 01:55:58,71.69,128.87,15.01,85,95,4.59
57,Shiyan,CN,2020-04-19 01:55:59,32.65,110.78,70.0,28,0,1.99
58,Rundu,NA,2020-04-19 01:56:01,-17.93,19.77,66.2,82,100,3.36
59,Meulaboh,ID,2020-04-19 01:56:03,4.14,96.13,85.5,67,64,1.45
60,Najran,SA,2020-04-19 01:56:04,17.49,44.13,77.0,41,75,4.7
61,Ostrovnoy,RU,2020-04-19 01:56:05,68.05,39.51,31.78,98,99,9.66
62,Port Alfred,ZA,2020-04-19 01:56:06,-33.59,26.89,62.01,83,0,4.0
63,Kidal,ML,2020-04-19 01:56:06,18.44,1.41,81.7,12,13,8.63
64,Juba,SS,2020-04-19 01:56:10,4.85,31.58,73.65,68,94,5.06
65,Tongliao,CN,2020-04-19 01:56:12,43.61,122.27,64.4,27,100,21.79
66,Springside,GB,2020-04-19 01:56:13,55.62,-4.6,39.2,80,20,4.7
67,Saskylakh,RU,2020-04-19 01:56:14,71.92,114.08,20.07,89,0,7.25
68,Kaitangata,NZ,2020-04-19 01:56:15,-46.28,169.85,59.0,42,83,15.99
69,Kovdor,RU,2020-04-19 01:56:16,67.57,30.48,28.69,96,86,7.63
70,Rio Grande,BR,2020-04-19 01:56:18,-32.03,-52.1,64.0,93,0,10.6
71,Tutoia,BR,2020-04-19 01:56:19,-2.76,-42.27,78.19,82,97,2.82
72,Huarmey,PE,2020-04-19 01:56:19,-10.07,-78.15,72.64,76,40,6.69
73,Puerto Del Rosario,ES,2020-04-19 01:56:20,28.5,-13.86,64.4,77,9,9.17
74,Jaguey Grande,CU,2020-04-19 01:56:22,22.53,-81.13,84.2,62,67,4.7
75,Dingle,PH,2020-04-19 01:53:50,11.0,122.67,89.49,52,26,12.08
76,Clyde River,CA,2020-04-19 01:56:24,70.47,-68.59,8.6,78,90,10.29
77,Tubuala,PA,2020-04-19 01:56:25,9.52,-79.03,80.01,80,92,10.67
78,San Patricio,MX,2020-04-19 01:56:26,19.22,-104.7,77.0,73,20,9.17
79,Touros,BR,2020-04-19 01:56:27,-5.2,-35.46,78.8,94,75,1.43
80,Bluff,NZ,2020-04-19 01:51:59,-46.6,168.33,54.0,70,100,13.0
81,Coos Bay,US,2020-04-19 01:56:29,43.37,-124.22,55.0,76,90,5.82
82,Longyearbyen,SJ,2020-04-19 01:56:30,78.22,15.64,24.8,85,20,8.05
83,Bathsheba,BB,2020-04-19 01:56:31,13.22,-59.52,80.6,69,40,18.34
84,Hasaki,JP,2020-04-19 01:56:31,35.73,140.83,68.0,45,40,12.75
85,Teguldet,RU,2020-04-19 01:56:31,57.31,88.17,44.8,62,44,11.32
86,Rjukan,NO,2020-04-19 01:56:32,59.88,8.59,34.0,78,0,10.0
87,Yellowknife,CA,2020-04-19 01:56:32,62.46,-114.35,32.0,90,90,6.93
88,Hobart,AU,2020-04-19 01:56:32,-42.88,147.33,59.0,71,75,4.7
89,Carnarvon,AU,2020-04-19 01:56:33,-24.87,113.63,77.0,69,24,13.87
90,Baruun-Urt,MN,2020-04-19 01:56:35,46.68,113.28,39.69,40,91,18.34
91,Raudeberg,NO,2020-04-19 01:56:37,61.99,5.14,39.2,71,8,5.82
92,Avarua,CK,2020-04-19 01:56:38,-21.21,-159.78,82.4,65,75,9.17
93,Emirdag,TR,2020-04-19 01:56:39,39.02,31.15,47.77,40,0,2.17
94,Yar-Sale,RU,2020-04-19 01:56:41,66.83,70.83,34.41,99,100,11.86
95,Atuona,PF,2020-04-19 01:56:42,-9.8,-139.03,81.81,76,65,14.81
96,Geraldton,AU,2020-04-19 01:52:14,-28.77,114.6,73.4,78,75,12.75
97,Souris,CA,2020-04-19 01:56:45,49.62,-100.26,33.8,64,75,14.99
98,Bowen,AU,2020-04-19 01:56:46,-20.02,148.23,89.01,66,40,12.75
99,Half Moon Bay,US,2020-04-19 01:56:32,37.46,-122.43,61.0,67,90,6.93
100,Mackenzie,CA,2020-04-19 01:56:48,55.3,-123.17,53.6,34,1,2.24
101,Viedma,AR,2020-04-19 01:56:49,-40.81,-63.0,75.04,34,39,18.21
102,Roebourne,AU,2020-04-19 01:56:53,-20.78,117.13,92.46,34,39,4.81
103,Cherskiy,RU,2020-04-19 01:56:55,68.75,161.3,9.97,91,0,12.28
104,Mkuranga,TZ,2020-04-19 01:56:57,-7.12,39.21,75.2,94,75,2.24
105,Vaini,TO,2020-04-19 01:56:58,-21.2,-175.2,82.4,74,40,9.17
106,Shache,CN,2020-04-19 01:56:59,38.42,77.24,57.9,42,100,9.98
107,Brooks,CA,2020-04-19 01:57:01,50.58,-111.89,43.0,44,68,1.63
108,Roald,NO,2020-04-19 01:57:02,62.58,6.13,37.99,93,28,4.7
109,Vestmannaeyjar,IS,2020-04-19 01:57:03,63.44,-20.27,45.54,95,100,16.64
110,Nikolskoye,RU,2020-04-19 01:57:03,59.7,30.79,37.4,92,90,11.18
111,Port Elizabeth,ZA,2020-04-19 01:53:03,-33.92,25.57,59.0,100,0,2.24
112,Sovetskiy,RU,2020-04-19 01:57:06,61.36,63.58,37.72,82,100,11.45
113,Rabo De Peixe,PT,2020-04-19 01:57:08,37.8,-25.58,62.6,93,75,10.29
114,Mar Del Plata,AR,2020-04-19 01:53:40,-38.0,-57.56,64.99,82,20,10.29
115,Fenelon Falls,CA,2020-04-19 01:57:10,44.53,-78.75,41.0,73,1,8.05
116,Oranjemund,NA,2020-04-19 01:52:45,-28.55,16.43,56.32,84,81,1.45
117,Salalah,OM,2020-04-19 01:52:21,17.02,54.09,80.6,74,40,4.7
118,Chapais,CA,2020-04-19 01:56:56,49.78,-74.85,35.6,55,90,6.93
119,Atambua,ID,2020-04-19 01:57:16,-9.11,124.89,81.99,58,30,2.19
120,Coihueco,CL,2020-04-19 01:57:18,-36.62,-71.83,64.4,77,40,6.93
121,Cockburn Town,TC,2020-04-19 01:57:19,21.46,-71.14,78.35,82,23,14.29
122,Angoram,PG,2020-04-19 01:57:19,-4.06,144.07,89.44,60,74,3.24
123,Asau,RO,2020-04-19 01:57:20,46.43,26.4,41.0,60,90,2.24
124,Xunchang,CN,2020-04-19 01:57:21,28.45,104.72,72.0,51,85,3.33
125,Provideniya,RU,2020-04-19 01:57:22,64.38,-173.3,24.06,95,100,13.4
126,Petropavlovskoye,RU,2020-04-19 01:57:22,52.07,84.11,54.27,55,0,2.73
127,Fairbanks,US,2020-04-19 01:56:24,64.84,-147.72,48.2,87,90,1.66
128,Tramore,IE,2020-04-19 01:57:24,52.16,-7.15,48.0,92,98,4.0
129,Mangrol,IN,2020-04-19 01:57:25,21.12,70.12,83.17,55,80,9.69
130,Hilo,US,2020-04-19 01:53:21,19.73,-155.09,82.4,54,40,10.29
131,Trat,TH,2020-04-19 01:57:28,12.5,102.5,87.39,68,57,3.44
132,Richards Bay,ZA,2020-04-19 01:57:29,-28.78,32.04,71.22,78,30,8.9
133,Souillac,MU,2020-04-19 01:57:30,-20.52,57.52,77.0,78,75,13.87
134,Ribeira Grande,PT,2020-04-19 01:57:34,38.52,-28.7,60.85,72,68,21.07
135,Thompson,CA,2020-04-19 01:53:32,55.74,-97.86,15.8,40,20,10.29
136,Atescatempa,GT,2020-04-19 01:57:37,14.17,-89.74,74.75,63,24,2.44
137,Haines Junction,CA,2020-04-19 01:57:38,60.75,-137.51,46.85,48,0,1.05
138,Narsaq,GL,2020-04-19 01:57:38,60.92,-46.05,28.4,42,100,12.75
139,Vanderhoof,CA,2020-04-19 01:57:38,54.02,-124.02,45.72,56,98,3.49
140,Aykhal,RU,2020-04-19 01:57:39,66.0,111.5,15.8,40,0,4.47
141,Mahon,ES,2020-04-19 01:54:14,39.89,4.27,62.6,93,100,16.11
142,Vao,NC,2020-04-19 01:57:39,-22.67,167.48,77.14,70,2,8.79
143,Upernavik,GL,2020-04-19 01:57:42,72.79,-56.15,21.63,91,98,12.26
144,Broome,US,2020-04-19 01:56:50,42.25,-75.83,35.6,59,1,4.7
145,Constitucion,CL,2020-04-19 01:53:24,-35.33,-72.42,57.65,87,8,9.62
146,Suluq,LY,2020-04-19 01:57:45,31.67,20.25,58.69,52,10,6.89
147,Bend,US,2020-04-19 01:53:19,44.06,-121.32,48.2,43,20,6.93
148,Aklavik,CA,2020-04-19 01:57:48,68.22,-135.01,23.0,67,90,9.17
149,Teguise,ES,2020-04-19 01:57:50,29.06,-13.56,64.4,68,24,8.05
150,Sitka,US,2020-04-19 01:57:51,57.05,-135.33,53.6,71,20,5.82
151,Taoudenni,ML,2020-04-19 01:57:52,22.68,-3.98,77.27,54,93,6.93
152,North Bend,US,2020-04-19 01:57:54,43.41,-124.22,55.0,76,90,5.82
153,Hualmay,PE,2020-04-19 01:57:54,-11.1,-77.61,69.93,81,9,6.2
154,Maceio,BR,2020-04-19 01:57:55,-9.67,-35.74,79.38,80,100,2.06
155,Padang,ID,2020-04-19 01:57:57,-0.95,100.35,87.76,61,6,1.45
156,Norman Wells,CA,2020-04-19 01:53:34,65.28,-126.83,37.4,86,90,14.99
157,Ponta Delgada,PT,2020-04-19 01:58:01,37.73,-25.67,62.6,93,75,10.29
158,Machali,CL,2020-04-19 01:58:02,-34.18,-70.67,66.58,33,4,2.28
159,Blythe,US,2020-04-19 01:58:04,33.61,-114.6,80.6,21,1,4.7
160,Bilibino,RU,2020-04-19 01:58:06,68.05,166.44,10.71,80,49,6.22
161,Saa,CM,2020-04-19 01:58:08,4.37,11.45,71.22,83,99,3.91
162,Puerto Colombia,CO,2020-04-19 01:58:09,10.99,-74.95,80.6,83,40,6.93
163,Verkhnyaya Inta,RU,2020-04-19 01:58:09,65.98,60.31,32.22,94,98,5.06
164,Cayenne,GF,2020-04-19 01:58:10,4.93,-52.33,78.8,88,90,3.36
165,Preobrazheniye,RU,2020-04-19 01:58:10,42.9,133.91,50.11,54,64,7.27
166,Constantine,DZ,2020-04-19 01:58:14,36.37,6.61,62.6,67,40,6.93
167,Vardo,NO,2020-04-19 01:58:15,70.37,31.11,36.18,83,100,15.28
168,Egvekinot,RU,2020-04-19 01:58:15,66.32,-179.17,9.75,90,100,18.86
169,Mitsamiouli,KM,2020-04-19 01:58:16,-11.38,43.28,82.51,73,100,13.18
170,Itarema,BR,2020-04-19 01:58:16,-2.92,-39.92,76.71,84,4,2.37
171,Hamilton,US,2020-04-19 01:55:05,39.18,-84.53,48.99,61,1,6.93
172,Tuktoyaktuk,CA,2020-04-19 01:58:18,69.45,-133.04,10.4,85,75,8.05
173,Torbay,CA,2020-04-19 01:58:19,47.67,-52.73,30.99,58,5,10.29
174,Butaritari,KI,2020-04-19 01:58:20,3.07,172.79,83.1,79,100,16.6
175,Barrow,US,2020-04-19 01:58:21,71.29,-156.79,8.6,71,1,12.75
176,Leningradskiy,RU,2020-04-19 01:58:22,69.38,178.42,8.6,89,16,8.63
177,Henties Bay,NA,2020-04-19 01:58:23,-22.12,14.28,55.99,96,15,1.99
178,Marawi,PH,2020-04-19 01:58:24,8.0,124.29,84.42,47,99,4.25
179,Morshansk,RU,2020-04-19 01:58:26,53.44,41.81,33.46,87,15,5.95
180,Banes,CU,2020-04-19 01:58:30,20.96,-75.72,78.8,78,28,10.29
181,Lorengau,PG,2020-04-19 01:58:31,-2.02,147.27,84.54,72,5,1.52
182,Jalu,LY,2020-04-19 01:58:32,29.03,21.55,62.94,43,28,7.2
183,Candido De Abreu,BR,2020-04-19 01:53:41,-24.57,-51.33,57.92,77,2,3.09
184,Ponta Do Sol,PT,2020-04-19 01:58:16,32.67,-17.1,57.0,63,4,5.99
185,Gazojak,TM,2020-04-19 01:58:35,41.19,61.4,68.16,28,0,6.13
186,Tasiilaq,GL,2020-04-19 01:58:20,65.61,-37.64,32.0,97,99,20.8
187,Benguela,AO,2020-04-19 01:58:40,-12.58,13.41,77.36,87,96,4.81
188,Dwarka,IN,2020-04-19 01:58:42,22.24,68.97,80.74,80,78,10.07
189,Merauke,ID,2020-04-19 01:55:06,-8.47,140.33,89.87,56,88,5.14
190,Koshurnikovo,RU,2020-04-19 01:58:45,54.17,93.3,46.26,41,0,5.97
191,Sivaki,RU,2020-04-19 01:58:46,52.63,126.75,33.89,76,100,12.77
192,Coquimbo,CL,2020-04-19 01:58:46,-29.95,-71.34,59.0,87,7,3.36
193,Mahebourg,MU,2020-04-19 01:55:22,-20.41,57.7,77.0,78,75,13.87
194,Alekseyevsk,RU,2020-04-19 01:58:46,57.84,108.35,26.33,79,100,10.18
195,Rocha,UY,2020-04-19 01:58:46,-34.48,-54.33,59.18,92,0,6.73
196,Port Moresby,PG,2020-04-19 01:58:48,-9.44,147.18,89.6,62,40,9.17
197,Yulara,AU,2020-04-19 01:58:49,-25.24,130.99,80.6,28,51,5.82
198,Mareeba,AU,2020-04-19 01:58:50,-17.0,145.43,89.01,66,41,1.01
199,Ilek,RU,2020-04-19 01:58:51,51.53,53.38,41.77,65,34,0.92
200,Balikpapan,ID,2020-04-19 01:58:52,-1.27,116.83,84.2,74,40,9.17
201,Ous,RU,2020-04-19 01:58:52,60.91,61.52,38.44,77,91,9.71
202,Bambous Virieux,MU,2020-04-19 01:58:52,-20.34,57.76,77.0,78,75,13.87
203,Dmitriyevka,RU,2020-04-19 01:58:53,54.75,55.33,32.0,71,0,8.95
204,Vypolzovo,RU,2020-04-19 01:58:55,57.88,33.7,32.54,90,100,5.03
205,Gornopravdinsk,RU,2020-04-19 01:58:56,60.05,69.9,44.53,71,96,10.27
206,Amalapuram,IN,2020-04-19 01:58:56,16.58,82.02,87.08,68,42,6.06
207,Labuhan,ID,2020-04-19 01:58:58,-6.88,112.21,87.91,66,77,2.95
208,Tuatapere,NZ,2020-04-19 01:58:59,-46.13,167.68,54.0,70,78,13.0
209,Adre,TD,2020-04-19 01:59:01,13.47,22.2,69.42,19,0,11.88
210,Ilulissat,GL,2020-04-19 01:58:46,69.22,-51.1,24.8,62,100,18.34
211,Goderich,CA,2020-04-19 01:58:53,43.75,-81.72,48.99,61,43,18.99
212,Zagan,PL,2020-04-19 01:59:04,51.62,15.31,42.01,48,97,5.99
213,Ende,ID,2020-04-19 01:59:04,-8.84,121.66,82.74,72,11,3.13
214,Bethel,US,2020-04-19 01:58:35,41.37,-73.41,36.0,80,1,3.36
215,Batman,TR,2020-04-19 01:59:05,37.89,41.13,51.8,93,53,4.7
216,Kahului,US,2020-04-19 01:59:06,20.89,-156.47,82.4,51,20,14.99
217,Baykit,RU,2020-04-19 01:59:07,61.67,96.37,33.22,82,0,2.68
218,Kavaratti,IN,2020-04-19 01:59:10,10.57,72.64,84.16,71,28,4.56
219,Salinas,US,2020-04-19 01:55:13,36.68,-121.66,60.8,62,90,10.29
220,Kirakira,SB,2020-04-19 01:59:13,-10.45,161.92,82.36,77,97,1.66
221,Riyadh,SA,2020-04-19 01:58:42,24.69,46.72,71.6,49,83,10.29
222,Baft,IR,2020-04-19 01:59:17,29.23,56.61,52.14,34,61,8.34
223,Bousso,TD,2020-04-19 01:59:19,10.48,16.71,83.08,24,97,1.19
224,Yeniseysk,RU,2020-04-19 01:59:20,58.45,92.17,38.55,70,0,9.73
225,Camacha,PT,2020-04-19 01:59:21,33.08,-16.33,60.8,72,20,10.29
226,Zaragoza,ES,2020-04-19 01:55:00,41.66,-0.88,59.0,93,75,8.05
227,Parbhani,IN,2020-04-19 01:59:22,19.27,76.78,93.4,18,68,5.46
228,San Juan Bautista,PE,2020-04-19 01:59:23,-14.01,-75.74,69.8,77,0,13.87
229,Winona,US,2020-04-19 01:57:41,43.97,-91.77,59.0,47,90,10.29
230,Pokhara,NP,2020-04-19 01:59:24,28.23,83.98,75.15,24,41,2.37
231,Grand Gaube,MU,2020-04-19 01:59:25,-20.01,57.66,77.0,78,75,13.87
232,Los Llanos De Aridane,ES,2020-04-19 01:59:27,28.66,-17.92,64.4,63,23,9.17
233,Beyneu,KZ,2020-04-19 01:59:31,45.32,55.2,61.14,33,99,12.12
234,Socorro,US,2020-04-19 01:59:33,31.65,-106.3,78.8,10,5,19.46
235,Bara,NG,2020-04-19 01:59:37,10.37,10.73,79.77,15,62,2.35
236,Tura,IN,2020-04-19 01:59:39,25.52,90.22,73.22,77,81,6.29
237,Berlevag,NO,2020-04-19 01:59:40,70.86,29.09,35.46,92,99,5.91
238,Strezhevoy,RU,2020-04-19 01:59:41,60.73,77.59,50.0,53,100,11.18
239,Bonavista,CA,2020-04-19 01:59:42,48.65,-53.11,28.17,96,44,8.63
240,Willmar,US,2020-04-19 01:55:26,45.12,-95.04,50.0,46,40,6.93
241,Moerai,PF,2020-04-19 01:59:45,-22.43,-151.33,81.12,75,15,8.16
242,Canutama,BR,2020-04-19 01:59:46,-6.53,-64.38,73.71,87,85,2.08
243,East London,ZA,2020-04-19 01:57:42,-33.02,27.91,68.09,61,0,14.14
244,Ossora,RU,2020-04-19 01:59:46,59.24,163.07,24.53,91,67,4.99
245,San Cristobal,VE,2020-04-19 01:59:49,7.77,-72.22,67.87,60,51,1.57
246,Ugoofaaru,MV,2020-04-19 01:59:50,5.67,73.0,85.98,75,14,12.5
247,Saint-Augustin,CA,2020-04-19 01:59:51,51.23,-58.65,24.03,93,7,11.16
248,Deputatskiy,RU,2020-04-19 01:59:53,69.3,139.9,4.78,77,100,3.31
249,Topeka,US,2020-04-19 01:57:22,39.05,-95.68,60.8,31,1,8.05
250,Fare,PF,2020-04-19 01:59:56,-16.7,-151.02,83.98,73,63,10.76
251,Lulea,SE,2020-04-19 01:59:57,65.58,22.15,30.2,86,53,3.36
252,Plouzane,FR,2020-04-19 02:00:04,48.38,-4.62,51.8,93,0,3.36
253,Sao Joao Da Barra,BR,2020-04-19 02:00:05,-21.64,-41.05,72.19,78,100,9.98
254,Kholodnyy,RU,2020-04-19 02:00:07,62.72,147.95,4.77,76,100,10.67
255,Matagami,CA,2020-04-19 01:58:43,49.75,-77.63,42.8,45,90,14.99
256,Sebastian,US,2020-04-19 01:56:31,35.17,-94.27,62.6,48,1,8.05
257,Brae,GB,2020-04-19 02:00:09,60.4,-1.35,42.8,93,0,2.24
258,Ciudad Bolivar,VE,2020-04-19 02:00:11,8.12,-63.55,83.44,48,39,15.61
259,Resistencia,AR,2020-04-19 02:00:11,-27.46,-58.98,64.0,100,0,1.12
260,Tooele,US,2020-04-19 02:00:13,40.53,-112.3,57.2,35,1,4.7
261,Ixtapa,MX,2020-04-19 02:00:14,20.7,-105.2,75.2,78,75,5.82
262,Poya,NC,2020-04-19 01:56:51,-21.35,165.15,81.03,65,17,7.45
263,Shibetsu,JP,2020-04-19 02:00:17,43.66,145.13,48.2,66,75,8.05
264,Inongo,CD,2020-04-19 02:00:18,-1.95,18.27,71.58,89,100,5.68
265,San Quintin,MX,2020-04-19 02:00:23,30.48,-115.95,59.72,74,1,16.24
266,Umea,SE,2020-04-19 02:00:23,63.83,20.26,26.6,86,7,5.32
267,Luderitz,NA,2020-04-19 01:59:49,-26.65,15.16,59.0,93,10,8.05
268,Port Hardy,CA,2020-04-19 01:59:43,50.7,-127.42,55.4,76,20,5.82
269,Pisco,PE,2020-04-19 01:58:24,-13.7,-76.22,69.8,77,0,13.87
270,Inhambane,MZ,2020-04-19 02:00:25,-23.86,35.38,73.27,80,1,12.97
271,Bredasdorp,ZA,2020-04-19 02:00:25,-34.53,20.04,48.2,93,94,5.82
272,Harper,LR,2020-04-19 02:00:28,4.38,-7.72,79.81,84,100,8.3
273,Nenjiang,CN,2020-04-19 02:00:29,49.18,125.22,63.19,27,100,10.67
274,Paungde,MM,2020-04-19 02:00:31,18.48,95.5,91.49,32,0,7.45
275,Launceston,AU,2020-04-19 02:00:32,-41.45,147.17,57.99,54,31,4.7
276,Ust-Barguzin,RU,2020-04-19 02:00:33,53.45,108.98,26.92,77,14,16.71
277,Nanortalik,GL,2020-04-19 02:00:33,60.14,-45.24,28.63,91,71,3.24
278,Saint-Louis,SN,2020-04-19 02:00:34,16.33,-15.0,65.35,71,1,11.97
279,Anadyr,RU,2020-04-19 02:00:35,64.75,177.48,14.0,85,90,38.03
280,Aquiraz,BR,2020-04-19 02:00:35,-3.9,-38.39,78.8,88,19,2.24
281,Kalabo,ZM,2020-04-19 02:00:35,-14.97,22.68,64.85,61,75,5.95
282,Seabra,BR,2020-04-19 02:00:36,-12.42,-41.77,69.8,100,75,6.93
283,Mahibadhoo,MV,2020-04-19 02:00:37,3.78,72.97,84.65,77,29,11.48
284,College,US,2020-04-19 02:00:37,64.86,-147.8,48.2,70,90,1.83
285,Rudbar,AF,2020-04-19 02:00:37,30.15,62.6,70.41,37,42,2.39
286,Ahipara,NZ,2020-04-19 02:00:38,-35.17,173.17,66.97,74,100,8.99
287,Manresa,ES,2020-04-19 02:00:42,41.73,1.83,57.0,89,100,4.29
288,Maldonado,UY,2020-04-19 02:00:46,-34.67,-54.92,62.6,93,0,8.05
289,Port-Gentil,GA,2020-04-19 02:00:48,-0.72,8.78,81.32,84,78,8.48
290,Sobolevo,RU,2020-04-19 02:00:49,54.43,31.9,33.19,84,100,7.31
291,Bilma,NE,2020-04-19 02:00:50,18.69,12.92,79.16,15,26,5.57
292,Kaufbeuren,DE,2020-04-19 02:00:51,47.88,10.62,53.01,93,99,5.82
293,Port Hedland,AU,2020-04-19 02:00:51,-20.32,118.57,95.0,34,15,8.05
294,Guerrero Negro,MX,2020-04-19 02:00:52,27.98,-114.06,60.64,72,0,19.42
295,Charagua,BO,2020-04-19 02:00:53,-19.8,-63.22,59.54,41,0,2.89
296,Peniche,PT,2020-04-19 02:00:54,39.36,-9.38,55.99,88,1,1.99
297,Iqaluit,CA,2020-04-19 01:59:49,63.75,-68.51,-2.0,70,20,5.82
298,Chifeng,CN,2020-04-19 02:00:55,42.27,118.96,60.71,28,100,12.1
299,Faanui,PF,2020-04-19 02:00:55,-16.48,-151.75,83.17,73,90,11.07
300,Mecca,SA,2020-04-19 01:56:28,21.43,39.83,74.61,47,100,1.34
301,Kasamwa,TZ,2020-04-19 02:00:56,-2.85,32.43,64.94,67,100,3.13
302,Batagay,RU,2020-04-19 02:00:58,67.63,134.63,7.11,83,87,3.18
303,Karasjok,NO,2020-04-19 02:01:00,69.47,25.51,35.6,93,100,28.86
304,Omboue,GA,2020-04-19 02:01:01,-1.57,9.26,78.39,87,41,2.1
305,Talnakh,RU,2020-04-19 02:01:01,69.49,88.4,35.6,80,100,35.79
306,Westport,US,2020-04-19 01:56:02,41.14,-73.36,41.0,80,1,4.7
307,Casian,PH,2020-04-19 02:01:04,11.04,119.71,84.9,73,20,15.86
308,Chute-Aux-Outardes,CA,2020-04-19 01:59:10,49.12,-68.4,33.8,85,1,6.93
309,Severo-Kurilsk,RU,2020-04-19 02:01:08,50.68,156.12,33.4,92,81,17.72
310,Deniliquin,AU,2020-04-19 02:01:10,-35.53,144.97,64.0,41,3,3.0
311,Burley,US,2020-04-19 02:01:14,42.54,-113.79,60.8,14,1,8.05
312,Garowe,SO,2020-04-19 02:01:15,8.41,48.48,75.18,71,95,8.5
313,Carlisle,US,2020-04-19 01:58:56,40.2,-77.19,39.99,66,8,1.97
314,Kupang,ID,2020-04-19 02:00:24,-10.17,123.58,87.8,70,20,2.24
315,Alvorada,BR,2020-04-19 02:01:16,-12.48,-49.12,71.55,89,98,3.53
316,Svetlogorsk,BY,2020-04-19 02:01:18,52.63,29.73,34.25,84,70,6.51
317,Awjilah,LY,2020-04-19 02:01:20,29.11,21.29,61.81,46,21,6.49
318,Borogontsy,RU,2020-04-19 02:01:22,62.67,131.17,20.16,81,0,4.54
319,Thenzawl,IN,2020-04-19 02:01:24,23.32,92.75,73.4,73,75,3.36
320,Jacqueville,CI,2020-04-19 02:01:25,5.21,-4.41,84.2,83,40,6.93
321,Wawa,NG,2020-04-19 02:01:26,9.9,4.42,82.22,64,49,10.8
322,Laurens,US,2020-04-19 02:01:27,32.45,-82.92,63.0,87,1,5.35
323,Bengkulu,ID,2020-04-19 01:59:35,-3.8,102.27,86.88,61,52,1.03
324,Port Alberni,CA,2020-04-19 02:00:17,49.24,-124.8,52.05,79,61,2.8
325,Kununurra,AU,2020-04-19 02:01:28,-15.77,128.73,93.2,46,59,3.36
326,Tulum,MX,2020-04-19 02:01:29,20.22,-87.47,81.0,83,20,6.93
327,Port Lincoln,AU,2020-04-19 02:01:31,-34.73,135.87,68.38,50,99,16.08
328,Caravelas,BR,2020-04-19 02:01:33,-17.71,-39.25,76.19,79,82,15.93
329,Cabo San Lucas,MX,2020-04-19 01:59:28,22.89,-109.91,71.01,68,5,13.87
330,Gueret,FR,2020-04-19 02:01:35,46.17,1.87,55.4,87,100,11.41
331,Liverpool,GB,2020-04-19 02:01:36,53.41,-2.98,46.4,81,2,10.29
332,Saldanha,ZA,2020-04-19 01:57:52,-33.01,17.94,59.0,62,100,4.7
333,Cachoeira Do Sul,BR,2020-04-19 02:01:39,-30.04,-52.89,57.7,94,0,5.12
334,Luwuk,ID,2020-04-19 02:01:40,-0.95,122.79,85.82,68,42,1.05
335,Atar,MR,2020-04-19 02:01:41,20.52,-13.05,64.29,48,0,9.4
336,Valreas,FR,2020-04-19 02:01:42,44.38,4.99,55.99,93,100,4.7
337,Kavieng,PG,2020-04-19 02:01:42,-2.57,150.8,83.8,72,86,4.0
338,Tabou,CI,2020-04-19 02:01:43,4.42,-7.35,78.82,87,100,7.27
339,Porto Velho,BR,2020-04-19 02:01:45,-8.76,-63.9,78.8,74,40,3.36
340,Payson,US,2020-04-19 02:01:46,40.04,-111.73,54.0,54,40,4.7
341,Alta Floresta,BR,2020-04-19 01:59:52,-9.88,-56.09,71.6,89,58,3.69
342,Winnemucca,US,2020-04-19 02:01:47,40.97,-117.74,64.4,12,1,9.17
343,Mattru,SL,2020-04-19 02:01:47,7.62,-11.83,76.1,87,100,2.21
344,Xining,CN,2020-04-19 02:01:47,36.62,101.77,52.47,19,100,6.15
345,Fremont,US,2020-04-19 01:57:04,37.55,-121.99,61.0,55,1,13.87
346,Samarai,PG,2020-04-19 02:01:49,-10.62,150.67,84.92,70,36,5.1
347,Lagoa,PT,2020-04-19 02:01:50,39.05,-27.98,61.32,72,100,22.39
348,Pajan,EC,2020-04-19 02:01:51,-1.57,-80.42,73.6,84,28,2.24
349,Ilhabela,BR,2020-04-19 02:01:55,-23.78,-45.36,71.91,77,87,7.0
350,Qasigiannguit,GL,2020-04-19 02:01:59,68.82,-51.19,24.8,62,85,18.34
351,Bokoro,TD,2020-04-19 02:02:00,12.38,17.06,77.67,14,42,10.87
352,Kudahuvadhoo,MV,2020-04-19 02:02:00,2.67,72.89,84.02,76,100,13.31
353,Tautira,PF,2020-04-19 02:02:01,-17.73,-149.15,84.2,74,77,14.99
354,Namibe,AO,2020-04-19 02:00:06,-15.2,12.15,75.16,70,44,6.85
355,Razdolnoye,RU,2020-04-19 02:02:05,43.55,131.92,55.4,32,100,13.42
356,Ta Khmau,KH,2020-04-19 02:00:56,11.48,104.95,86.0,70,40,6.93
357,Santos Dumont,BR,2020-04-19 02:01:57,-21.46,-43.55,59.18,76,100,3.74
358,Sept-Iles,CA,2020-04-19 02:02:09,50.2,-66.38,30.2,80,75,8.05
359,Kalghatgi,IN,2020-04-19 02:02:11,15.18,74.97,83.98,50,35,2.3
360,Pali,IN,2020-04-19 02:02:11,25.77,73.33,86.13,25,95,3.6
361,Oneida,US,2020-04-19 02:02:11,43.2,-75.47,36.0,55,1,6.17
362,Chulman,RU,2020-04-19 02:02:12,56.85,124.91,17.28,81,100,17.02
363,Isangel,VU,2020-04-19 02:02:14,-19.55,169.27,82.4,78,75,13.87
364,Chara,RU,2020-04-19 02:02:16,56.91,118.26,17.08,70,100,8.08
365,Nibbar,TN,2020-04-19 02:02:18,36.29,8.77,60.8,93,97,2.24
366,Kruisfontein,ZA,2020-04-19 02:02:19,-34.0,24.73,65.25,35,1,7.34
367,Saint Anthony,US,2020-04-19 02:01:03,45.02,-93.22,55.4,35,20,13.87
368,Puerto Plata,DO,2020-04-19 02:02:21,19.79,-70.69,78.01,83,6,12.21
369,High Rock,BS,2020-04-19 02:02:22,26.62,-78.28,79.16,79,82,7.7
370,Paoua,CF,2020-04-19 02:02:22,7.24,16.44,73.76,63,100,5.46
371,Hermiston,US,2020-04-19 02:01:54,45.84,-119.29,60.8,48,1,20.8
372,La Cruz,MX,2020-04-19 02:02:23,23.92,-106.9,68.0,86,0,3.0
373,Gizo,SB,2020-04-19 02:02:24,-8.1,156.84,84.96,70,31,4.45
374,Palana,RU,2020-04-19 02:02:25,59.12,159.97,25.02,93,100,16.28
375,Mapastepec,MX,2020-04-19 02:02:25,15.43,-92.9,81.19,70,20,1.16
376,Paracuru,BR,2020-04-19 02:02:26,-3.41,-39.03,78.8,88,11,2.24
377,Korla,CN,2020-04-19 02:02:26,41.76,86.15,61.54,27,94,11.05
378,Boyolangu,ID,2020-04-19 02:02:30,-8.12,111.89,86.02,65,90,0.81
379,Baghdad,IQ,2020-04-19 02:02:00,33.34,44.4,59.0,62,0,3.36
380,Sumbe,AO,2020-04-19 02:02:32,-11.21,13.84,77.13,89,96,5.37
381,Wonthaggi,AU,2020-04-19 02:02:32,-38.6,145.59,59.0,92,59,3.0
382,Lasa,IT,2020-04-19 02:02:36,46.62,10.7,48.99,81,5,2.24
383,Zhuhai,CN,2020-04-19 02:02:40,22.28,113.57,78.8,100,20,5.82
384,Halifax,CA,2020-04-19 01:59:37,44.65,-63.57,34.0,73,100,1.99
385,Hermosillo,MX,2020-04-19 01:58:40,29.07,-110.97,79.0,17,0,5.99
386,Sarankhola,BD,2020-04-19 02:02:44,22.31,89.79,87.87,61,2,10.63
387,Kerema,PG,2020-04-19 02:02:46,-7.96,145.78,86.14,69,35,7.09
388,Fort Nelson,CA,2020-04-19 01:58:43,58.81,-122.7,60.8,26,40,12.75
389,Ryotsu,JP,2020-04-19 02:02:04,38.08,138.43,55.4,76,75,4.7
390,Axim,GH,2020-04-19 02:02:49,4.87,-2.24,80.37,86,60,7.09
391,Biltine,TD,2020-04-19 02:02:50,14.53,20.92,74.98,16,32,10.65
392,Dongsheng,CN,2020-04-19 02:02:50,39.82,109.98,57.36,22,34,24.4
393,Vranov,CZ,2020-04-19 02:02:53,48.89,15.81,52.0,95,93,2.91
394,Beringovskiy,RU,2020-04-19 02:02:55,63.05,179.32,21.36,97,100,17.0
395,Opuwo,NA,2020-04-19 02:02:56,-18.06,13.84,67.66,48,86,3.09
396,Florence,IT,2020-04-19 02:02:57,43.77,11.25,57.99,87,75,1.12
397,Kyshtovka,RU,2020-04-19 02:02:59,56.55,76.63,50.79,64,100,10.96
398,Vanimo,PG,2020-04-19 02:02:59,-2.67,141.3,87.17,63,27,1.81
399,Ayame,CI,2020-04-19 02:03:01,5.61,-3.16,75.54,94,9,2.91
400,Ekhabi,RU,2020-04-19 02:03:02,53.51,142.97,27.19,90,95,8.25
401,La Mana,EC,2020-04-19 02:03:04,-0.93,-79.22,50.0,81,40,11.41
402,Codrington,AU,2020-04-19 02:03:04,-38.27,141.97,61.88,57,87,7.52
403,Bonoua,CI,2020-04-19 02:03:05,5.27,-3.6,84.2,83,40,6.93
404,Talcahuano,CL,2020-04-19 02:03:06,-36.72,-73.12,55.2,85,32,8.03
405,San Rafael Del Sur,NI,2020-04-19 02:03:07,11.85,-86.44,87.8,40,20,6.93
406,Sagaing,MM,2020-04-19 02:03:07,21.88,95.98,80.6,47,20,3.36
407,Bheramara,BD,2020-04-19 02:03:10,24.02,88.99,85.3,65,5,12.35
408,Tuy Hoa,VN,2020-04-19 01:58:12,13.08,109.3,85.91,62,78,5.59
409,Pevek,RU,2020-04-19 02:03:15,69.7,170.31,5.32,92,45,6.51
410,Benghazi,LY,2020-04-19 02:03:15,32.12,20.07,60.49,57,27,8.03
411,Roma,US,2020-04-19 02:03:15,43.21,-75.46,35.6,55,1,5.73
412,Aksu,CN,2020-04-19 02:03:15,41.12,80.26,60.78,29,100,1.07
413,Gillette,US,2020-04-19 02:00:03,44.29,-105.5,44.6,75,75,12.75
414,Sabang,ID,2020-04-19 02:03:17,5.89,95.32,84.33,68,69,2.8
415,Dunedin,NZ,2020-04-19 02:00:22,-45.87,170.5,56.05,59,5,19.17
416,Road Town,VG,2020-04-19 02:03:19,18.42,-64.62,80.01,83,0,17.0
417,Verkhoyansk,RU,2020-04-19 02:03:20,67.54,133.38,5.25,75,21,2.1
418,San Jeronimo,PE,2020-04-19 02:03:21,-11.95,-75.28,46.18,28,83,2.3
419,Vanavara,RU,2020-04-19 02:03:21,60.34,102.28,28.51,82,0,5.08
420,Sur,OM,2020-04-19 02:03:23,22.57,59.53,84.31,42,33,6.26
421,Nabire,ID,2020-04-19 02:03:24,-3.37,135.48,84.88,67,100,1.19
422,Ayan,RU,2020-04-19 02:03:25,56.45,138.17,22.62,79,100,4.14
423,Uray,RU,2020-04-19 02:03:27,60.12,64.78,38.5,79,18,12.06
424,Barpathar,IN,2020-04-19 02:03:28,26.3,93.87,78.12,60,36,2.91
425,Hervey Bay,AU,2020-04-19 02:03:28,-25.3,152.85,75.99,88,90,5.82
426,Necochea,AR,2020-04-19 02:03:28,-38.55,-58.74,64.99,79,87,11.01
427,Neryungri,RU,2020-04-19 02:03:28,56.67,124.65,16.66,81,100,17.74
428,Vestmanna,FO,2020-04-19 02:02:25,62.16,-7.17,42.8,81,0,11.41
429,Valle De Allende,MX,2020-04-19 02:03:30,26.93,-105.4,67.48,17,18,12.91
430,Sulmona,IT,2020-04-19 02:03:30,42.05,13.93,53.6,87,100,2.24
431,Banda Aceh,ID,2020-04-19 02:03:31,5.56,95.32,86.23,66,76,2.98
432,Hithadhoo,MV,2020-04-19 02:03:34,-0.6,73.08,83.95,74,68,11.1
433,Luba,GQ,2020-04-19 02:03:34,3.46,8.55,78.8,100,20,4.7
434,Beloha,MG,2020-04-19 02:03:37,-25.17,45.05,69.04,83,0,10.6
435,Lamar,US,2020-04-19 02:03:38,33.67,-95.58,62.6,67,90,8.05
436,Abha,SA,2020-04-19 02:03:38,18.22,42.51,62.6,93,20,3.89
437,Kangshan,CN,2020-04-19 02:03:38,28.88,116.43,64.29,78,95,10.27
438,Gaozhou,CN,2020-04-19 02:03:38,21.94,110.85,83.5,67,46,11.14
439,Surt,LY,2020-04-19 02:03:39,31.21,16.59,61.23,67,0,11.79
440,Naze,JP,2020-04-19 02:03:43,28.37,129.48,75.2,78,75,16.11
441,Arlit,NE,2020-04-19 02:03:44,18.74,7.39,81.39,12,0,7.2
442,Hambantota,LK,2020-04-19 02:00:56,6.12,81.12,83.75,77,17,8.23
443,Palmer,US,2020-04-19 02:03:45,42.16,-72.33,36.0,89,1,5.3
444,Baker City,US,2020-04-19 02:01:55,44.77,-117.83,62.6,27,90,14.99
445,Acarau,BR,2020-04-19 02:03:47,-2.89,-40.12,76.32,85,12,1.52
446,Iranshahr,IR,2020-04-19 02:03:48,27.2,60.68,78.04,30,97,3.04
447,Malampaka,TZ,2020-04-19 02:03:48,-3.13,33.53,63.01,68,100,4.92
448,Kenora,CA,2020-04-19 02:02:24,49.82,-94.43,33.8,55,75,9.17
449,Wanaka,NZ,2020-04-19 02:03:49,-44.7,169.15,48.47,58,71,10.07
450,Puksoozero,RU,2020-04-19 02:03:51,62.59,40.61,28.98,96,85,3.6
451,Hirara,JP,2020-04-19 02:03:52,24.8,125.28,78.8,83,75,18.34
452,Zhezkazgan,KZ,2020-04-19 02:03:53,47.8,67.71,58.12,42,33,7.07
453,Imbituba,BR,2020-04-19 02:03:55,-28.24,-48.67,68.0,77,40,2.55
454,Havre-Saint-Pierre,CA,2020-04-19 02:03:57,50.23,-63.6,30.2,68,1,9.17
455,Kolondieba,ML,2020-04-19 02:03:58,11.09,-6.89,85.73,50,100,7.87
456,Zapolyarnyy,RU,2020-04-19 02:03:58,69.42,30.81,33.8,74,83,12.75
457,Digby,CA,2020-04-19 02:00:17,44.62,-65.77,37.99,75,96,5.01
458,Diffa,NE,2020-04-19 02:03:58,13.32,12.61,78.19,15,100,8.55
459,Daru,PG,2020-04-19 02:03:58,-9.08,143.21,85.95,68,83,6.04
460,Broken Hill,AU,2020-04-19 02:03:59,-31.95,141.43,64.4,48,0,5.82
461,Pangnirtung,CA,2020-04-19 02:04:01,66.15,-65.71,2.21,83,99,4.32
462,Fayaoue,NC,2020-04-19 02:04:03,-20.65,166.53,78.82,81,97,12.19
463,Cap Malheureux,MU,2020-04-19 02:04:08,-19.98,57.61,77.0,78,75,13.87
464,Muroto,JP,2020-04-19 02:00:33,33.28,134.15,66.2,45,40,8.05
465,Ugleuralskiy,RU,2020-04-19 02:04:09,58.95,57.58,34.0,98,80,3.0
466,Sibolga,ID,2020-04-19 02:04:11,1.74,98.78,87.78,60,28,1.63
467,Tigzirt,DZ,2020-04-19 02:04:12,36.89,4.12,69.89,55,100,9.57
468,Mugur-Aksy,RU,2020-04-19 02:04:13,50.35,90.5,33.91,34,0,4.68
469,Aguimes,ES,2020-04-19 02:04:14,27.91,-15.45,62.6,82,40,14.99
470,Eureka,US,2020-04-19 02:03:48,40.8,-124.16,54.0,76,100,2.42
471,Pustoshka,RU,2020-04-19 02:04:15,56.34,29.37,32.95,91,100,6.91
472,Poum,NC,2020-04-19 02:04:16,-20.23,164.02,79.25,76,33,10.2
473,Vadinsk,RU,2020-04-19 02:04:16,53.69,43.06,33.6,86,2,7.29
474,La Ronge,CA,2020-04-19 02:04:17,55.1,-105.28,32.0,94,75,4.7
475,Lola,GN,2020-04-19 02:04:18,7.8,-8.53,72.82,81,100,4.68
476,Vila,PT,2020-04-19 02:04:19,42.03,-8.16,48.2,100,90,2.24
477,Kamenka,RU,2020-04-19 02:04:23,51.32,42.77,34.0,81,0,3.0
478,Pitimbu,BR,2020-04-19 02:04:25,-7.47,-34.81,78.8,94,17,2.24
479,Pochutla,MX,2020-04-19 02:04:16,15.74,-96.47,84.0,69,30,5.12
480,Nguru,NG,2020-04-19 02:04:26,12.88,10.45,77.22,14,73,7.78
481,Chicama,PE,2020-04-19 02:04:27,-7.84,-79.15,73.06,73,47,6.13
482,Rawson,AR,2020-04-19 02:04:29,-43.3,-65.1,68.45,36,98,13.04
483,Phuthaditjhaba,ZA,2020-04-19 02:04:30,-28.52,28.82,48.24,47,1,1.12
484,Havelock,US,2020-04-19 02:04:31,34.88,-76.9,62.6,39,1,4.7
485,Westerland,DE,2020-04-19 02:04:33,54.91,8.3,39.0,79,0,5.01
486,Semypolky,UA,2020-04-19 02:04:34,50.72,30.93,32.0,71,40,2.24
487,Tommot,RU,2020-04-19 02:04:35,58.96,126.29,22.03,83,100,6.6
488,Praia Da Vitoria,PT,2020-04-19 01:59:37,38.73,-27.07,62.6,88,40,18.7
489,Xam Nua,LA,2020-04-19 02:04:36,20.42,104.04,84.99,32,54,6.02
490,Jiuquan,CN,2020-04-19 02:04:37,39.74,98.52,54.05,21,81,12.46
491,Khashuri,GE,2020-04-19 02:00:02,41.99,43.6,48.85,67,100,2.57
492,Phan Thiet,VN,2020-04-19 02:04:40,10.93,108.1,85.41,64,96,7.92
493,Biograd Na Moru,HR,2020-04-19 02:04:41,43.94,15.45,55.0,87,82,3.36
494,Kurchum,KZ,2020-04-19 02:04:41,48.57,83.65,50.85,39,90,4.05
495,Conde,BR,2020-04-19 02:04:41,-7.26,-34.91,78.8,94,36,2.24
496,Amga,RU,2020-04-19 02:04:42,60.9,131.96,20.95,80,56,6.51
497,Phuket,TH,2020-04-19 02:04:43,8.0,98.25,82.4,83,20,6.93
498,Fortuna,US,2020-04-19 02:04:43,40.6,-124.16,55.99,76,90,8.05
499,Finschhafen,PG,2020-04-19 02:04:44,-6.6,147.87,85.53,67,11,4.74
500,Asyut,EG,2020-04-19 02:04:46,27.18,31.18,62.6,59,0,11.41
501,Lavrentiya,RU,2020-04-19 02:04:50,65.58,-171.0,20.55,96,100,9.66
502,Ojinaga,MX,2020-04-19 02:04:51,29.57,-104.42,86.0,11,1,4.7
503,Sao Filipe,CV,2020-04-19 02:00:29,14.9,-24.5,71.11,73,11,17.74
504,Anaconda,US,2020-04-19 02:04:52,46.13,-112.94,50.0,34,90,8.05
505,Koulamoutou,GA,2020-04-19 02:04:53,-1.13,12.47,70.93,87,51,0.67
506,Leh,IN,2020-04-19 02:04:54,34.17,77.58,33.76,18,95,1.03
507,Kodiak,US,2020-04-19 02:04:55,57.79,-152.41,46.4,75,40,12.75
508,Tra Vinh,VN,2020-04-19 02:04:56,9.93,106.35,89.98,54,82,10.4
509,Weatherford,US,2020-04-19 02:03:50,32.76,-97.8,61.0,82,66,3.0
510,The Valley,AI,2020-04-19 02:04:57,18.22,-63.06,80.6,74,20,9.17
511,Gulbene,LV,2020-04-19 02:04:58,57.18,26.75,31.98,91,97,6.64
512,Port Augusta,AU,2020-04-19 02:04:58,-32.5,137.77,71.01,60,23,9.17
513,Dire,ML,2020-04-19 02:04:59,12.28,-10.97,81.3,24,15,3.96
514,Wau,SS,2020-04-19 02:05:00,7.7,28.0,74.79,39,92,4.74
515,Wajir,KE,2020-04-19 02:05:01,1.75,40.06,78.73,72,100,14.14
516,Avallon,FR,2020-04-19 02:05:01,47.48,3.9,55.99,86,86,1.79
517,Avera,US,2020-04-19 02:00:05,33.19,-82.53,60.8,55,1,3.36
518,Varlamovo,RU,2020-04-19 02:05:03,53.19,48.42,36.57,77,0,5.41
519,Morondava,MG,2020-04-19 02:05:04,-20.28,44.28,74.55,79,0,7.58
520,Goedereede,NL,2020-04-19 02:05:05,51.82,3.98,51.01,89,85,11.16
521,Cuiluan,CN,2020-04-19 02:05:05,47.72,128.65,64.15,25,100,13.51
522,Gonaives,HT,2020-04-19 02:05:07,19.45,-72.68,77.77,77,11,4.0
523,Iisalmi,FI,2020-04-19 02:05:09,63.56,27.19,32.0,97,6,8.05
524,Nome,US,2020-04-19 02:05:10,64.5,-165.41,36.0,100,90,9.17
525,Ocampo,MX,2020-04-19 02:05:13,21.65,-101.5,71.33,18,84,12.01
526,Hammerfest,NO,2020-04-19 02:05:14,70.66,23.68,37.4,93,97,27.51
527,Tarko-Sale,RU,2020-04-19 02:05:15,64.92,77.78,42.01,71,100,1.99
528,Shihezi,CN,2020-04-19 02:05:16,44.3,86.03,65.55,30,0,2.04
529,Manavalakurichi,IN,2020-04-19 02:05:16,8.13,77.3,84.2,79,75,4.7
530,Cikupa,ID,2020-04-19 02:03:35,-6.24,106.51,86.0,70,20,4.7
531,Dakar,SN,2020-04-19 02:03:00,14.69,-17.44,68.0,82,37,13.87
532,Kikwit,CD,2020-04-19 02:05:18,-5.04,18.82,71.19,80,99,1.05
533,Nola,IT,2020-04-19 02:05:19,40.92,14.53,60.01,78,100,1.99
534,Olafsvik,IS,2020-04-19 02:05:21,64.89,-23.71,35.8,83,94,9.84
535,Rosita,NI,2020-04-19 02:05:23,13.93,-84.4,72.19,86,6,1.59
536,Mbuji-Mayi,CD,2020-04-19 02:05:24,-6.15,23.6,70.29,78,100,5.64
537,Neklyudovo,RU,2020-04-19 02:05:25,56.41,43.98,37.0,100,20,4.47
538,Tabas,IR,2020-04-19 02:04:57,33.6,56.92,66.2,42,100,4.7
